{
  "Discriminator Sampled": 0.013081446290016174,
  "Discriminator Real": 0.01832742616534233,
  "Gradient Penalty": 1.9511408805847168,
  "Generator Autoencoded": 0.004895634017884731,
  "Pixel Reconstruction Loss": 0.05887133628129959,
  "Classifier Loss": 0.05463161692023277
}